{"py/object": "rasa_core.featurizers.MaxHistoryTrackerFeaturizer", "max_history": 5, "remove_duplicates": true, "state_featurizer": {"py/object": "rasa_core.featurizers.BinarySingleStateFeaturizer", "input_state_map": {"entity_location": 3, "intent_goodbye": 0, "intent_greet": 1, "intent_inform": 2, "prev_action_default_fallback": 7, "prev_action_listen": 5, "prev_action_restart": 6, "prev_action_weather": 11, "prev_utter_ask_location": 10, "prev_utter_goodbye": 9, "prev_utter_greet": 8, "slot_location_0": 4}, "num_features": 12, "slot_feature_len": 1, "user_feature_len": 4}, "use_intent_probabilities": false}