{
  "action_fingerprints": {
    "action_listen": {
      "slots": []
    },
    "action_weather": {
      "slots": []
    },
    "utter_ask_location": {
      "slots": []
    },
    "utter_goodbye": {
      "slots": []
    },
    "utter_greet": {
      "slots": []
    }
  },
  "rasa_core": "0.11.12",
  "python": "3.6.1",
  "max_histories": [
    5,
    5
  ],
  "ensemble_name": "rasa_core.policies.ensemble.SimplePolicyEnsemble",
  "policy_names": [
    "rasa_core.policies.memoization.MemoizationPolicy",
    "rasa_core.policies.keras_policy.KerasPolicy"
  ]
}